{
  "controller/OrderDetails-dbg.controller.js": 1692857225000,
  "Component.js": 1692856571000,
  "model/json/Employees.json": 1692856571000,
  "model/json/Countries.json": 1692856571000,
  "utils/locate-reuse-libs.js": 1692856571000,
  "model/models.js": 1692856571000,
  "model/formatter.js": 1692856571000,
  "controller/OrderDetails.controller.js": 1692857225000,
  "controller/MasterEmployee.controller.js": 1692856571000,
  "controller/Main.controller.js": 1692856571000,
  "controller/EmployeeDetails.controller.js": 1692856571000,
  "controller/Base.controller.js": 1692856571000,
  "controller/App.controller.js": 1692856571000,
  "control/Signature.js": 1692858126000,
  "manifest.json": 1693241708338,
  "model/json/Layouts.json": 1692856571000,
  "controller/EmployeeDetails-dbg.controller.js": 1692856571000,
  "controller/EmployeeDetails.controller.js.map": 1693241708887,
  "utils/locate-reuse-libs-dbg.js": 1692856571000,
  "utils/locate-reuse-libs.js.map": 1693241708890,
  "model/models-dbg.js": 1692856571000,
  "model/models.js.map": 1693241708833,
  "model/formatter-dbg.js": 1692856571000,
  "model/formatter.js.map": 1693241708844,
  "i18n/i18n.properties": 1692856571000,
  "controller/OrderDetails.controller.js.map": 1693241708899,
  "controller/MasterEmployee-dbg.controller.js": 1692856571000,
  "controller/MasterEmployee.controller.js.map": 1693241708890,
  "controller/Main-dbg.controller.js": 1692856571000,
  "controller/Main.controller.js.map": 1693241708914,
  "Component-dbg.js": 1692856571000,
  "Component.js.map": 1693241708893,
  "controller/Base-dbg.controller.js": 1692856571000,
  "controller/Base.controller.js.map": 1693241708893,
  "controller/App-dbg.controller.js": 1692856571000,
  "controller/App.controller.js.map": 1693241708895,
  "control/Signature-dbg.js": 1692858126000,
  "control/Signature.js.map": 1693241708901,
  "Component-preload.js": 1693241709233,
  "Component-preload.js.map": 1693241709234,
  "view/OrderDetails.view.xml": 1692857354000,
  "view/MasterEmployee.view.xml": 1692856571000,
  "view/Main.view.xml": 1692856571000,
  "view/EmployeeDetails.view.xml": 1692856571000,
  "view/App.view.xml": 1692856571000,
  "fragment/TableOrders.fragment.xml": 1692856571000,
  "fragment/TableEmployee.fragment.xml": 1692856571000,
  "fragment/NewIncidence.fragment.xml": 1692856571000,
  "fragment/DialogOrders.fragment.xml": 1692856571000,
  "css/style.css": 1692856571000,
  "index.html": 1692858108000
}