{
  "welcomeFile": "/index.html",
  "authenticationMethod": "route",
  "routes": [
    {
        "source": "^/V2/(.*)$",
        "target": "/V2/$1",
        "destination": "Northwind",
        "authenticationType": "none",
        "csrfProtection": false
    },
    {
        "source": "^/sap/(.*)$",
        "target": "/sap/$1",
        "destination": "logaligroupERP",
        "authenticationType": "xsuaa",
        "csrfProtection": false
    },
    {
      "source": "^/resources/(.*)$",
      "target": "/resources/$1",
      "authenticationType": "none",
      "destination": "ui5"
    },
    {
      "source": "^/test-resources/(.*)$",
      "target": "/test-resources/$1",
      "authenticationType": "none",
      "destination": "ui5"
    },
    {
      "source": "^(.*)$",
      "target": "$1",
      "service": "html5-apps-repo-rt",
      "authenticationType": "xsuaa"
    }
  ]
}